person_id,name,full_name,party,caucus_short_name,province,constituency,presence_rate,present,paired,absent,total_votes,tenure_months,years_in_house,elections_won,interventions_count,committee_interventions_count,bills_sponsored_current,committees_count,associations_count,position_leadership_score,position_leadership_rank,position_leadership_percentile,position_leadership_score_percentile_in_party,activity_index_score,activity_index_rank,activity_index_percentile,activity_index_score_percentile,activity_index_score_percentile_in_party,activity_index_score_rank,associations_count_percentile,associations_count_percentile_in_party,associations_count_rank,bills_sponsored_current_percentile,bills_sponsored_current_percentile_in_party,bills_sponsored_current_rank,chamber,committee_interventions_count_percentile,committee_interventions_count_percentile_in_party,committee_interventions_count_rank,committee_per_month,committees_count_percentile,committees_count_percentile_in_party,committees_count_rank,computed_at,interventions_count_percentile,interventions_count_percentile_in_party,interventions_count_rank,interventions_per_month,metrics_version,parliament,political_alignment_score,presence_rate_percentile,presence_rate_percentile_in_party,presence_rate_rank,session,tenure_months_percentile,tenure_months_percentile_in_party,tenure_months_rank
88938,Marilyn Gladu,Marilyn Gladu,Conservative,Conservative,Ontario,Sarnia—Lambton—Bkejwanong,100.0,,,,,123,,,100,142,4,4,10,16.54,,,,10.00,,,,,,,,,,,,,,,,,,,,,,,,,,,,,,,,,,
88538,Marilène Gill,Marilène Gill,Bloc Québécois,Bloc Québécois,Quebec,Côte-Nord—Kawawachikamach—Nitassinan,100.0,,,,,123,,,112,101,3,2,17,15.39,,,,9.98,,,,,,,,,,,,,,,,,,,,,,,,,,,,,,,,,,
89179,Kelly McCauley,Kelly McCauley,Conservative,Conservative,Alberta,Edmonton West,100.0,,,,,123,,,123,455,1,4,8,17.64,,,,9.57,,,,,,,,,,,,,,,,,,,,,,,,,,,,,,,,,,
104786,Alexis Brunelle-Duceppe,Alexis Brunelle-Duceppe,Bloc Québécois,Bloc Québécois,Quebec,Lac-Saint-Jean,100.0,,,,,75,,,133,387,3,4,17,11.80,,,,9.42,,,,,,,,,,,,,,,,,,,,,,,,,,,,,,,,,,
88674,John Brassard,John Brassard,Conservative,Conservative,Ontario,Barrie South—Innisfil,100.0,,,,,123,,,66,427,1,3,9,17.40,,,,9.38,,,,,,,,,,,,,,,,,,,,,,,,,,,,,,,,,,
88721,Julie Dzerowicz,Julie Dzerowicz,Liberal,Liberal,Ontario,Davenport,100.0,,,,,123,,,65,438,1,3,18,17.40,,,,9.37,,,,,,,,,,,,,,,,,,,,,,,,,,,,,,,,,,
35315,Claude DeBellefeuille,Claude DeBellefeuille,Bloc Québécois,Bloc Québécois,Quebec,Beauharnois—Salaberry—Soulanges—Huntingdon,100.0,,,,,138,,,143,273,5,2,18,11.44,,,,9.36,,,,,,,,,,,,,,,,,,,,,,,,,,,,,,,,,,
104705,Maxime Blanchette-Joncas,Maxime Blanchette-Joncas,Bloc Québécois,Bloc Québécois,Quebec,Rimouski—La Matapédia,100.0,,,,,75,,,129,226,3,2,17,10.67,,,,9.24,,,,,,,,,,,,,,,,,,,,,,,,,,,,,,,,,,
3306,Dan Mazier,Dan Mazier,Conservative,Conservative,Manitoba,Riding Mountain,100.0,,,,,75,,,84,397,2,2,13,10.67,,,,9.24,,,,,,,,,,,,,,,,,,,,,,,,,,,,,,,,,,
376,Mario Beaulieu,Mario Beaulieu,Bloc Québécois,Bloc Québécois,Quebec,La Pointe-de-l'Île,100.0,,,,,123,,,92,157,2,2,18,10.67,,,,9.24,,,,,,,,,,,,,,,,,,,,,,,,,,,,,,,,,,
71902,Michelle Rempel Garner,Michelle Rempel Garner,Conservative,Conservative,Alberta,Calgary Nose Hill,98.3,,,,,176,,,140,399,2,2,13,10.67,,,,9.24,,,,,,,,,,,,,,,,,,,,,,,,,,,,,,,,,,
88422,Xavier Barsalou-Duval,Xavier Barsalou-Duval,Bloc Québécois,Bloc Québécois,Quebec,Pierre-Boucher—Les Patriotes—Verchères,100.0,,,,,123,,,164,234,2,3,17,10.52,,,,9.21,,,,,,,,,,,,,,,,,,,,,,,,,,,,,,,,,,
86261,John Barlow,John Barlow,Conservative,Conservative,Alberta,Foothills,100.0,,,,,138,,,68,156,4,2,15,11.44,,,,9.18,,,,,,,,,,,,,,,,,,,,,,,,,,,,,,,,,,
105630,Jasraj Hallan,Jasraj Hallan,Conservative,Conservative,Alberta,Calgary East,100.0,,,,,75,,,96,113,1,1,10,13.00,,,,9.11,,,,,,,,,,,,,,,,,,,,,,,,,,,,,,,,,,
110189,Jean-Denis Garon,Jean-Denis Garon,Bloc Québécois,Bloc Québécois,Quebec,Mirabel,100.0,,,,,52,,,172,153,1,1,17,13.00,,,,9.11,,,,,,,,,,,,,,,,,,,,,,,,,,,,,,,,,,
88552,Luc Thériault,Luc Thériault,Bloc Québécois,Bloc Québécois,Quebec,Montcalm,93.2,,,,,123,,,64,259,5,3,17,11.60,,,,9.07,,,,,,,,,,,,,,,,,,,,,,,,,,,,,,,,,,
104957,Patricia Lattanzio,Patricia Lattanzio,Liberal,Liberal,Quebec,Saint-Léonard—Saint-Michel,100.0,,,,,75,,,57,100,1,2,14,22.89,,,,9.06,,,,,,,,,,,,,,,,,,,,,,,,,,,,,,,,,,
89219,Michael Cooper,Michael Cooper,Conservative,Conservative,Alberta,St. Albert—Sturgeon River,62.7,,,,,123,,,97,176,3,3,18,9.50,,,,9.05,,,,,,,,,,,,,,,,,,,,,,,,,,,,,,,,,,
104944,Simon-Pierre Savard-Tremblay,Simon-Pierre Savard-Tremblay,Bloc Québécois,Bloc Québécois,Quebec,Saint-Hyacinthe—Bagot—Acton,88.1,,,,,75,,,128,255,1,3,17,11.60,,,,9.04,,,,,,,,,,,,,,,,,,,,,,,,,,,,,,,,,,
104773,Mario Simard,Mario Simard,Bloc Québécois,Bloc Québécois,Quebec,Jonquière,100.0,,,,,75,,,172,193,1,2,17,11.44,,,,9.02,,,,,,,,,,,,,,,,,,,,,,,,,,,,,,,,,,
111007,Frank Caputo,Frank Caputo,Conservative,Conservative,British Columbia,Kamloops—Thompson—Nicola,98.3,,,,,52,,,176,243,1,2,12,11.44,,,,9.02,,,,,,,,,,,,,,,,,,,,,,,,,,,,,,,,,,
104741,Martin Champoux,Martin Champoux,Bloc Québécois,Bloc Québécois,Quebec,Drummond,100.0,,,,,75,,,107,217,1,2,17,11.31,,,,8.99,,,,,,,,,,,,,,,,,,,,,,,,,,,,,,,,,,
89449,Gary Anandasangaree,Gary Anandasangaree,Liberal,Liberal,Ontario,Scarborough—Guildwood—Rouge Park,100.0,,,,,123,,,332,264,3,,9,70.00,,,,8.97,,,,,,,,,,,,,,,,,,,,,,,,,,,,,,,,,,
72029,Dan Albas,Dan Albas,Conservative,Conservative,British Columbia,Okanagan Lake West—South Kelowna,100.0,,,,,176,,,84,152,9,2,3,10.67,,,,8.89,,,,,,,,,,,,,,,,,,,,,,,,,,,,,,,,,,
89408,Jean-Yves Duclos,Jean-Yves Duclos,Liberal,Liberal,Quebec,Québec Centre,100.0,,,,,123,,,40,820,14,3,9,17.40,,,,8.84,,,,,,,,,,,,,,,,,,,,,,,,,,,,,,,,,,
88605,Rhéal Éloi Fortin,Rhéal Éloi Fortin,Bloc Québécois,Bloc Québécois,Quebec,Rivière-du-Nord,100.0,,,,,123,,,120,204,1,2,17,10.26,,,,8.82,,,,,,,,,,,,,,,,,,,,,,,,,,,,,,,,,,
1787,Judy A. Sgro,Judy A. Sgro,Liberal,Liberal,Ontario,Humber River—Black Creek,100.0,,,,,314,,,37,255,6,4,18,18.83,,,,8.76,,,,,,,,,,,,,,,,,,,,,,,,,,,,,,,,,,
88485,Gabriel Ste-Marie,Gabriel Ste-Marie,Bloc Québécois,Bloc Québécois,Quebec,Joliette—Manawan,100.0,,,,,123,,,59,241,3,2,17,10.67,,,,8.75,,,,,,,,,,,,,,,,,,,,,,,,,,,,,,,,,,
88633,François-Philippe Champagne,François-Philippe Champagne,Liberal,Liberal,Quebec,Saint-Maurice—Champlain,100.0,,,,,123,,,400,130,2,,4,80.00,,,,8.71,,,,,,,,,,,,,,,,,,,,,,,,,,,,,,,,,,
109915,Lena Metlege Diab,Lena Metlege Diab,Liberal,Liberal,Nova Scotia,Halifax West,100.0,,,,,52,,,236,320,1,,14,70.00,,,,8.65,,,,,,,,,,,,,,,,,,,,,,,,,,,,,,,,,,
25475,James Bezan,James Bezan,Conservative,Conservative,Manitoba,Selkirk—Interlake—Eastman,98.3,,,,,258,,,66,120,1,2,18,10.67,,,,8.64,,,,,,,,,,,,,,,,,,,,,,,,,,,,,,,,,,
104973,Andréanne Larouche,Andréanne Larouche,Bloc Québécois,Bloc Québécois,Quebec,Shefford,100.0,,,,,75,,,159,86,1,2,17,10.67,,,,8.58,,,,,,,,,,,,,,,,,,,,,,,,,,,,,,,,,,
89200,Rachael Thomas,Rachael Thomas,Conservative,Conservative,Alberta,Lethbridge,100.0,,,,,123,,,64,281,1,2,10,10.67,,,,8.57,,,,,,,,,,,,,,,,,,,,,,,,,,,,,,,,,,
110373,Michael Coteau,Michael Coteau,Liberal,Liberal,Ontario,Scarborough—Woburn,100.0,,,,,52,,,40,412,1,3,10,17.40,,,,8.52,,,,,,,,,,,,,,,,,,,,,,,,,,,,,,,,,,
104947,Christine Normandin,Christine Normandin,Bloc Québécois,Bloc Québécois,Quebec,Saint-Jean,98.3,,,,,75,,,82,114,,3,17,26.12,,,,8.50,,,,,,,,,,,,,,,,,,,,,,,,,,,,,,,,,,
122579,Alexis Deschênes,Alexis Deschênes,Bloc Québécois,Bloc Québécois,Quebec,Gaspésie—Les Îles-de-la-Madeleine—Listuguj,98.3,,,,,8,,,129,379,,2,17,28.03,,,,8.50,,,,,,,,,,,,,,,,,,,,,,,,,,,,,,,,,,
88418,Yves Perron,Yves Perron,Bloc Québécois,Bloc Québécois,Quebec,Berthier—Maskinongé,100.0,,,,,75,,,125,248,,2,17,33.79,,,,8.50,,,,,,,,,,,,,,,,,,,,,,,,,,,,,,,,,,
88601,Linda Lapointe,Linda Lapointe,Liberal,Liberal,Quebec,Rivière-des-Mille-Îles,100.0,,,,,56,,,58,162,1,2,12,10.67,,,,8.37,,,,,,,,,,,,,,,,,,,,,,,,,,,,,,,,,,
105918,Patrick Weiler,Patrick Weiler,Liberal,Liberal,British Columbia,West Vancouver—Sunshine Coast—Sea to Sky Country,100.0,,,,,75,,,34,524,1,3,16,17.40,,,,8.31,,,,,,,,,,,,,,,,,,,,,,,,,,,,,,,,,,
88827,Peter Fragiskatos,Peter Fragiskatos,Liberal,Liberal,Ontario,London Centre,100.0,,,,,123,,,39,100,1,2,7,21.33,,,,8.31,,,,,,,,,,,,,,,,,,,,,,,,,,,,,,,,,,
89198,Shannon Stubbs,Shannon Stubbs,Conservative,Conservative,Alberta,Lakeland,72.9,,,,,123,,,69,61,2,2,7,11.44,,,,8.28,,,,,,,,,,,,,,,,,,,,,,,,,,,,,,,,,,
122606,Jacques Ramsay,Jacques Ramsay,Liberal,Liberal,Quebec,La Prairie—Atateken,100.0,,,,,8,,,104,90,,2,14,22.89,,,,8.27,,,,,,,,,,,,,,,,,,,,,,,,,,,,,,,,,,
105480,Ryan Turnbull,Ryan Turnbull,Liberal,Liberal,Ontario,Whitby,100.0,,,,,75,,,145,132,,1,8,26.00,,,,8.26,,,,,,,,,,,,,,,,,,,,,,,,,,,,,,,,,,
123214,Karim Bardeesy,Karim Bardeesy,Liberal,Liberal,Ontario,Taiaiako'n—Parkdale—High Park,100.0,,,,,8,,,87,110,,2,5,21.33,,,,8.26,,,,,,,,,,,,,,,,,,,,,,,,,,,,,,,,,,
88316,Sean Fraser,Sean Fraser,Liberal,Liberal,Nova Scotia,Central Nova,100.0,,,,,123,,,103,61,3,,12,77.67,,,,8.20,,,,,,,,,,,,,,,,,,,,,,,,,,,,,,,,,,
71323,John Williamson,John Williamson,Conservative,Conservative,New Brunswick,Saint John—St. Croix,89.8,,,,,128,,,19,247,4,3,14,17.03,,,,8.15,,,,,,,,,,,,,,,,,,,,,,,,,,,,,,,,,,
110649,Adam Chambers,Adam Chambers,Conservative,Conservative,Ontario,Simcoe North,100.0,,,,,52,,,49,119,1,2,14,10.67,,,,8.06,,,,,,,,,,,,,,,,,,,,,,,,,,,,,,,,,,
89020,Ahmed Hussen,Ahmed Hussen,Liberal,Liberal,Ontario,York South—Weston—Etobicoke,100.0,,,,,123,,,14,286,3,3,15,17.40,,,,7.98,,,,,,,,,,,,,,,,,,,,,,,,,,,,,,,,,,
105121,Yvan Baker,Yvan Baker,Liberal,Liberal,Ontario,Etobicoke Centre,100.0,,,,,75,,,13,315,2,4,10,16.97,,,,7.94,,,,,,,,,,,,,,,,,,,,,,,,,,,,,,,,,,
1589,Hedy Fry,Hedy Fry,Liberal,Liberal,British Columbia,Vancouver Centre,96.6,,,,,343,,,13,410,15,3,11,17.40,,,,7.94,,,,,,,,,,,,,,,,,,,,,,,,,,,,,,,,,,
88950,Salma Zahid,Salma Zahid,Liberal,Liberal,Ontario,Scarborough Centre—Don Valley East,100.0,,,,,123,,,23,584,1,4,15,16.00,,,,7.94,,,,,,,,,,,,,,,,,,,,,,,,,,,,,,,,,,
89294,Mel Arnold,Mel Arnold,Conservative,Conservative,British Columbia,Kamloops—Shuswap—Central Rockies,100.0,,,,,123,,,45,202,1,2,16,10.67,,,,7.92,,,,,,,,,,,,,,,,,,,,,,,,,,,,,,,,,,
104630,Sébastien Lemire,Sébastien Lemire,Bloc Québécois,Bloc Québécois,Quebec,Abitibi—Témiscamingue,100.0,,,,,75,,,110,368,,3,17,11.60,,,,7.89,,,,,,,,,,,,,,,,,,,,,,,,,,,,,,,,,,
119705,Leslie Church,Leslie Church,Liberal,Liberal,Ontario,Toronto—St. Paul's,100.0,,,,,8,,,89,69,,2,9,21.33,,,,7.83,,,,,,,,,,,,,,,,,,,,,,,,,,,,,,,,,,
88558,Anthony Housefather,Anthony Housefather,Liberal,Liberal,Quebec,Mount Royal,100.0,,,,,123,,,24,136,1,1,13,26.00,,,,7.81,,,,,,,,,,,,,,,,,,,,,,,,,,,,,,,,,,
88715,Karina Gould,Karina Gould,Liberal,Liberal,Ontario,Burlington,98.3,,,,,123,,,11,355,3,3,14,14.88,,,,7.80,,,,,,,,,,,,,,,,,,,,,,,,,,,,,,,,,,
92209,Marie-France Lalonde,Marie-France Lalonde,Liberal,Liberal,Ontario,Orléans,100.0,,,,,75,,,19,351,1,3,17,17.40,,,,7.80,,,,,,,,,,,,,,,,,,,,,,,,,,,,,,,,,,
110446,Lisa Hepfner,Lisa Hepfner,Liberal,Liberal,Ontario,Hamilton Mountain,100.0,,,,,52,,,18,393,1,3,17,17.40,,,,7.77,,,,,,,,,,,,,,,,,,,,,,,,,,,,,,,,,,
88660,Marc Miller,Marc Miller,Liberal,Liberal,Quebec,Ville-Marie—Le Sud-Ouest—Île-des-Soeurs,100.0,,,,,123,,,8,367,3,3,9,16.97,,,,7.75,,,,,,,,,,,,,,,,,,,,,,,,,,,,,,,,,,
122709,Patrick Bonin,Patrick Bonin,Bloc Québécois,Bloc Québécois,Quebec,Repentigny,98.3,,,,,8,,,174,378,,2,17,10.67,,,,7.74,,,,,,,,,,,,,,,,,,,,,,,,,,,,,,,,,,
110502,Arielle Kayabaga,Arielle Kayabaga,Liberal,Liberal,Ontario,London West,100.0,,,,,52,,,165,62,,3,17,25.39,,,,7.72,,,,,,,,,,,,,,,,,,,,,,,,,,,,,,,,,,
84665,Chrystia Freeland,Chrystia Freeland,Liberal,Liberal,Ontario,University—Rosedale,98.3,,,,,145,,,151,53,20,,3,60.00,,,,7.70,,,,,,,,,,,,,,,,,,,,,,,,,,,,,,,,,,
1813,Dominic LeBlanc,Dominic LeBlanc,Liberal,Liberal,New Brunswick,Beauséjour,98.3,,,,,301,,,68,62,1,,18,70.00,,,,7.69,,,,,,,,,,,,,,,,,,,,,,,,,,,,,,,,,,
88541,Luc Berthold,Luc Berthold,Conservative,Conservative,Quebec,Mégantic—L'Érable—Lotbinière,100.0,,,,,123,,,104,8,1,1,13,35.42,,,,7.65,,,,,,,,,,,,,,,,,,,,,,,,,,,,,,,,,,
104806,Marie-Hélène Gaudreau,Marie-Hélène Gaudreau,Bloc Québécois,Bloc Québécois,Quebec,Laurentides—Labelle,100.0,,,,,75,,,66,298,,3,17,11.60,,,,7.64,,,,,,,,,,,,,,,,,,,,,,,,,,,,,,,,,,
110124,Caroline Desrochers,Caroline Desrochers,Liberal,Liberal,Quebec,Trois-Rivières,100.0,,,,,8,,,94,70,,1,6,26.00,,,,7.53,,,,,,,,,,,,,,,,,,,,,,,,,,,,,,,,,,
110354,Larry Brock,Larry Brock,Conservative,Conservative,Ontario,Brantford—Brant South—Six Nations,100.0,,,,,52,,,128,85,,2,16,11.44,,,,7.53,,,,,,,,,,,,,,,,,,,,,,,,,,,,,,,,,,
111109,Brendan Hanley,Brendan Hanley,Liberal,Liberal,Yukon,Yukon,100.0,,,,,52,,,27,64,2,1,17,26.00,,,,7.52,,,,,,,,,,,,,,,,,,,,,,,,,,,,,,,,,,
110339,Shafqat Ali,Shafqat Ali,Liberal,Liberal,Ontario,Brampton—Chinguacousy Park,100.0,,,,,52,,,180,25,3,,17,70.00,,,,7.49,,,,,,,,,,,,,,,,,,,,,,,,,,,,,,,,,,
88384,Mélanie Joly,Mélanie Joly,Liberal,Liberal,Quebec,Ahuntsic-Cartierville,100.0,,,,,123,,,133,59,1,,2,70.00,,,,7.42,,,,,,,,,,,,,,,,,,,,,,,,,,,,,,,,,,
123622,Ellis Ross,Ellis Ross,Conservative,Conservative,British Columbia,Skeena—Bulkley Valley,96.6,,,,,8,,,84,139,,2,3,10.67,,,,7.39,,,,,,,,,,,,,,,,,,,,,,,,,,,,,,,,,,
71762,Costas Menegakis,Costas Menegakis,Conservative,Conservative,Ontario,Aurora—Oak Ridges—Richmond Hill,100.0,,,,,61,,,76,148,2,1,13,0.00,,,,7.34,,,,,,,,,,,,,,,,,,,,,,,,,,,,,,,,,,
89226,Garnett Genuis,Garnett Genuis,Conservative,Conservative,Alberta,Sherwood Park—Fort Saskatchewan,100.0,,,,,123,,,223,150,5,1,12,0.00,,,,7.34,,,,,,,,,,,,,,,,,,,,,,,,,,,,,,,,,,
14171,Steven Guilbeault,Steven Guilbeault,Liberal,Liberal,Quebec,Laurier—Sainte-Marie,96.6,,,,,75,,,67,49,5,,1,70.00,,,,7.30,,,,,,,,,,,,,,,,,,,,,,,,,,,,,,,,,,
71270,Sean Casey,Sean Casey,Liberal,Liberal,Prince Edward Island,Charlottetown,100.0,,,,,176,,,13,67,2,2,14,21.33,,,,7.26,,,,,,,,,,,,,,,,,,,,,,,,,,,,,,,,,,
105045,Maninder Sidhu,Maninder Sidhu,Liberal,Liberal,Ontario,Brampton East,96.6,,,,,75,,,122,12,2,,13,70.00,,,,7.24,,,,,,,,,,,,,,,,,,,,,,,,,,,,,,,,,,
122899,Maggie Chi,Maggie Chi,Liberal,Liberal,Ontario,Don Valley North,100.0,,,,,8,,,51,73,,2,9,21.33,,,,7.15,,,,,,,,,,,,,,,,,,,,,,,,,,,,,,,,,,
105291,Philip Lawrence,Philip Lawrence,Conservative,Conservative,Ontario,Northumberland—Clarke,100.0,,,,,75,,,72,94,3,1,17,0.00,,,,7.14,,,,,,,,,,,,,,,,,,,,,,,,,,,,,,,,,,
58858,Robert Oliphant,Robert Oliphant,Liberal,Liberal,Ontario,Don Valley West,100.0,,,,,153,,,17,61,4,1,18,26.00,,,,7.12,,,,,,,,,,,,,,,,,,,,,,,,,,,,,,,,,,
59235,Blake Richards,Blake Richards,Conservative,Conservative,Alberta,Airdrie—Cochrane,98.3,,,,,207,,,21,124,1,2,15,10.67,,,,7.11,,,,,,,,,,,,,,,,,,,,,,,,,,,,,,,,,,
96356,Mona Fortier,Mona Fortier,Liberal,Liberal,Ontario,Ottawa—Vanier—Gloucester,100.0,,,,,105,,,27,35,10,2,15,21.33,,,,7.11,,,,,,,,,,,,,,,,,,,,,,,,,,,,,,,,,,
123653,Wade Grant,Wade Grant,Liberal,Liberal,British Columbia,Vancouver Quadra,100.0,,,,,8,,,64,52,,2,7,22.89,,,,7.07,,,,,,,,,,,,,,,,,,,,,,,,,,,,,,,,,,
72023,Taleeb Noormohamed,Taleeb Noormohamed,Liberal,Liberal,British Columbia,Vancouver Granville,100.0,,,,,52,,,31,113,,2,14,21.33,,,,7.06,,,,,,,,,,,,,,,,,,,,,,,,,,,,,,,,,,
88934,Chris Bittle,Chris Bittle,Liberal,Liberal,Ontario,St. Catharines,100.0,,,,,123,,,31,297,,4,10,16.54,,,,7.06,,,,,,,,,,,,,,,,,,,,,,,,,,,,,,,,,,
89098,Cathay Wagantall,Cathay Wagantall,Conservative,Conservative,Saskatchewan,Yorkton—Melville,100.0,,,,,123,,,69,95,4,1,14,0.00,,,,7.06,,,,,,,,,,,,,,,,,,,,,,,,,,,,,,,,,,
30330,Tony Baldinelli,Tony Baldinelli,Conservative,Conservative,Ontario,Niagara Falls—Niagara-on-the-Lake,100.0,,,,,75,,,29,113,1,2,3,10.67,,,,7.04,,,,,,,,,,,,,,,,,,,,,,,,,,,,,,,,,,
1809,Cheryl Gallant,Cheryl Gallant,Conservative,Conservative,Ontario,Algonquin—Renfrew—Pembroke,100.0,,,,,301,,,64,102,6,1,18,0.00,,,,7.03,,,,,,,,,,,,,,,,,,,,,,,,,,,,,,,,,,
123644,Gregor Robertson,Gregor Robertson,Liberal,Liberal,British Columbia,Vancouver Fraserview—South Burnaby,96.6,,,,,8,,,255,110,,,,70.00,,,,7.00,,,,,,,,,,,,,,,,,,,,,,,,,,,,,,,,,,
58621,Alexandra Mendès,Alexandra Mendès,Liberal,Liberal,Quebec,Brossard—Saint-Lambert,100.0,,,,,153,,,441,,5,,14,50.00,,,,7.00,,,,,,,,,,,,,,,,,,,,,,,,,,,,,,,,,,
89130,Pat Kelly,Pat Kelly,Conservative,Conservative,Alberta,Calgary Crowfoot,100.0,,,,,123,,,109,118,1,1,11,0.00,,,,7.00,,,,,,,,,,,,,,,,,,,,,,,,,,,,,,,,,,
110459,Jenna Sudds,Jenna Sudds,Liberal,Liberal,Ontario,Kanata,100.0,,,,,52,,,17,65,1,2,9,21.33,,,,6.98,,,,,,,,,,,,,,,,,,,,,,,,,,,,,,,,,,
25454,Andrew Scheer,Andrew Scheer,Conservative,Conservative,Saskatchewan,Regina—Qu'Appelle,96.6,,,,,258,,,73,1,3,,9,32.50,,,,6.98,,,,,,,,,,,,,,,,,,,,,,,,,,,,,,,,,,
102275,Michael Barrett,Michael Barrett,Conservative,Conservative,Ontario,Leeds—Grenville—Thousand Islands—Rideau Lakes,100.0,,,,,85,,,94,111,1,2,6,0.00,,,,6.97,,,,,,,,,,,,,,,,,,,,,,,,,,,,,,,,,,
25453,Francis Scarpaleggia,Francis Scarpaleggia,Liberal,Liberal,Quebec,Lac-Saint-Louis,0.0,,,,,258,,,893,,9,,9,76.00,,,,6.97,,,,,,,,,,,,,,,,,,,,,,,,,,,,,,,,,,
96081,Anita Anand,Anita Anand,Liberal,Liberal,Ontario,Oakville East,100.0,,,,,75,,,47,62,7,,2,80.00,,,,6.93,,,,,,,,,,,,,,,,,,,,,,,,,,,,,,,,,,
105598,Brad Redekopp,Brad Redekopp,Conservative,Conservative,Saskatchewan,Saskatoon West,94.9,,,,,75,,,99,194,1,1,8,0.00,,,,6.92,,,,,,,,,,,,,,,,,,,,,,,,,,,,,,,,,,
71337,Angelo Iacono,Angelo Iacono,Liberal,Liberal,Quebec,Alfred-Pellan,100.0,,,,,123,,,27,519,,3,18,17.40,,,,6.92,,,,,,,,,,,,,,,,,,,,,,,,,,,,,,,,,,
88917,John Nater,John Nater,Conservative,Conservative,Ontario,Perth—Wellington,93.2,,,,,123,,,767,,3,,8,50.00,,,,6.92,,,,,,,,,,,,,,,,,,,,,,,,,,,,,,,,,,
88984,Patty Hajdu,Patty Hajdu,Liberal,Liberal,Ontario,Thunder Bay—Superior North,100.0,,,,,123,,,178,16,5,,2,70.00,,,,6.92,,,,,,,,,,,,,,,,,,,,,,,,,,,,,,,,,,
105009,Annie Koutrakis,Annie Koutrakis,Liberal,Liberal,Quebec,Vimy,100.0,,,,,75,,,22,49,1,2,17,23.53,,,,6.87,,,,,,,,,,,,,,,,,,,,,,,,,,,,,,,,,,
98749,Rosemarie Falk,Rosemarie Falk,Conservative,Conservative,Saskatchewan,Battlefords—Lloydminster—Meadow Lake,100.0,,,,,97,,,40,52,1,2,8,11.76,,,,6.87,,,,,,,,,,,,,,,,,,,,,,,,,,,,,,,,,,
123382,Corey Hogan,Corey Hogan,Liberal,Liberal,Alberta,Calgary Confederation,100.0,,,,,8,,,100,37,,1,5,26.00,,,,6.83,,,,,,,,,,,,,,,,,,,,,,,,,,,,,,,,,,
122656,Carlos Leitão,Carlos Leitão,Liberal,Liberal,Quebec,Marc-Aurèle-Fortin,100.0,,,,,8,,,90,39,,1,4,26.00,,,,6.82,,,,,,,,,,,,,,,,,,,,,,,,,,,,,,,,,,
25524,Pierre Poilievre,Pierre Poilievre,Conservative,Conservative,Alberta,Battle River—Crowfoot,100.0,,,,,254,,,341,,4,,6,83.78,,,,6.82,,,,,,,,,,,,,,,,,,,,,,,,,,,,,,,,,,
88802,Mark Gerretsen,Mark Gerretsen,Liberal,Liberal,Ontario,Kingston and the Islands,100.0,,,,,123,,,135,,2,,6,38.59,,,,6.82,,,,,,,,,,,,,,,,,,,,,,,,,,,,,,,,,,
89136,Tom Kmiec,Tom Kmiec,Conservative,Conservative,Alberta,Calgary Shepard,79.7,,,,,123,,,715,,5,,6,49.00,,,,6.82,,,,,,,,,,,,,,,,,,,,,,,,,,,,,,,,,,
88532,Joël Lightbound,Joël Lightbound,Liberal,Liberal,Quebec,Louis-Hébert,100.0,,,,,123,,,148,64,,,10,70.00,,,,6.76,,,,,,,,,,,,,,,,,,,,,,,,,,,,,,,,,,
84672,Ted Falk,Ted Falk,Conservative,Conservative,Manitoba,Provencher,100.0,,,,,145,,,55,166,2,1,10,0.00,,,,6.72,,,,,,,,,,,,,,,,,,,,,,,,,,,,,,,,,,
88994,Julie Dabrusin,Julie Dabrusin,Liberal,Liberal,Ontario,Toronto—Danforth,100.0,,,,,123,,,211,62,,,10,70.00,,,,6.72,,,,,,,,,,,,,,,,,,,,,,,,,,,,,,,,,,
25488,Michael Chong,Michael Chong,Conservative,Conservative,Ontario,Wellington—Halton Hills North,91.5,,,,,258,,,26,61,2,2,7,10.67,,,,6.69,,,,,,,,,,,,,,,,,,,,,,,,,,,,,,,,,,
122615,Claude Guay,Claude Guay,Liberal,Liberal,Quebec,LaSalle—Émard—Verdun,100.0,,,,,8,,,55,41,,2,16,22.89,,,,6.68,,,,,,,,,,,,,,,,,,,,,,,,,,,,,,,,,,
88521,Sherry Romanado,Sherry Romanado,Liberal,Liberal,Quebec,Longueuil—Charles-LeMoyne,100.0,,,,,123,,,20,43,1,2,10,21.33,,,,6.68,,,,,,,,,,,,,,,,,,,,,,,,,,,,,,,,,,
104555,Kody Blois,Kody Blois,Liberal,Liberal,Nova Scotia,Kings—Hants,96.6,,,,,75,,,125,,1,,11,40.00,,,,6.65,,,,,,,,,,,,,,,,,,,,,,,,,,,,,,,,,,
104669,Yves-François Blanchet,Yves-François Blanchet,Bloc Québécois,Bloc Québécois,Quebec,Beloeil—Chambly,100.0,,,,,75,,,120,,1,,17,80.00,,,,6.65,,,,,,,,,,,,,,,,,,,,,,,,,,,,,,,,,,
110225,Sophie Chatel,Sophie Chatel,Liberal,Liberal,Quebec,Pontiac—Kitigan Zibi,100.0,,,,,52,,,42,79,,2,3,22.89,,,,6.64,,,,,,,,,,,,,,,,,,,,,,,,,,,,,,,,,,
105774,Tamara Jansen,Tamara Jansen,Conservative,Conservative,British Columbia,Cloverdale—Langley City,100.0,,,,,35,,,101,82,1,1,10,0.00,,,,6.61,,,,,,,,,,,,,,,,,,,,,,,,,,,,,,,,,,
30552,Kevin Lamoureux,Kevin Lamoureux,Liberal,Liberal,Manitoba,Winnipeg North,100.0,,,,,181,,,1205,,2,,2,40.00,,,,6.61,,,,,,,,,,,,,,,,,,,,,,,,,,,,,,,,,,
88649,Peter Schiefke,Peter Schiefke,Liberal,Liberal,Quebec,Vaudreuil,100.0,,,,,123,,,18,648,,3,9,17.40,,,,6.59,,,,,,,,,,,,,,,,,,,,,,,,,,,,,,,,,,
89211,Arnold Viersen,Arnold Viersen,Conservative,Conservative,Alberta,Peace River—Westlock,100.0,,,,,123,,,110,70,5,1,7,0.00,,,,6.59,,,,,,,,,,,,,,,,,,,,,,,,,,,,,,,,,,
123276,Roman Baber,Roman Baber,Conservative,Conservative,Ontario,York Centre,100.0,,,,,8,,,79,100,1,1,2,0.00,,,,6.56,,,,,,,,,,,,,,,,,,,,,,,,,,,,,,,,,,
9486,David McGuinty,David McGuinty,Liberal,Liberal,Ontario,Ottawa South,100.0,,,,,258,,,44,45,1,,14,80.00,,,,6.54,,,,,,,,,,,,,,,,,,,,,,,,,,,,,,,,,,
31119,Terry Duguid,Terry Duguid,Liberal,Liberal,Manitoba,Winnipeg South,100.0,,,,,123,,,18,287,,3,8,16.97,,,,6.53,,,,,,,,,,,,,,,,,,,,,,,,,,,,,,,,,,
59156,Kelly Block,Kelly Block,Conservative,Conservative,Saskatchewan,Carlton Trail—Eagle Creek,100.0,,,,,207,,,55,112,1,2,13,0.00,,,,6.53,,,,,,,,,,,,,,,,,,,,,,,,,,,,,,,,,,
88770,Jamie Schmale,Jamie Schmale,Conservative,Conservative,Ontario,Haliburton—Kawartha Lakes,100.0,,,,,123,,,37,198,,2,17,10.67,,,,6.50,,,,,,,,,,,,,,,,,,,,,,,,,,,,,,,,,,
114349,Charles Sousa,Charles Sousa,Liberal,Liberal,Ontario,Mississauga—Lakeshore,100.0,,,,,37,,,21,287,,3,5,17.40,,,,6.48,,,,,,,,,,,,,,,,,,,,,,,,,,,,,,,,,,
115744,Ben Carr,Ben Carr,Liberal,Liberal,Manitoba,Winnipeg South Centre,100.0,,,,,31,,,19,579,,3,6,17.40,,,,6.46,,,,,,,,,,,,,,,,,,,,,,,,,,,,,,,,,,
63908,Bernard Généreux,Bernard Généreux,Conservative,Conservative,Quebec,Côte-du-Sud—Rivière-du-Loup—Kataskomiq—Témiscouata,100.0,,,,,140,,,55,118,1,1,10,0.00,,,,6.37,,,,,,,,,,,,,,,,,,,,,,,,,,,,,,,,,,
88308,Robert Morrissey,Robert Morrissey,Liberal,Liberal,Prince Edward Island,Egmont,100.0,,,,,123,,,17,542,,4,6,15.18,,,,6.37,,,,,,,,,,,,,,,,,,,,,,,,,,,,,,,,,,
98079,Dane Lloyd,Dane Lloyd,Conservative,Conservative,Alberta,Parkland,100.0,,,,,98,,,54,238,1,1,16,0.00,,,,6.34,,,,,,,,,,,,,,,,,,,,,,,,,,,,,,,,,,
105521,Raquel Dancho,Raquel Dancho,Conservative,Conservative,Manitoba,Kildonan—St. Paul,100.0,,,,,75,,,39,157,,2,5,10.67,,,,6.33,,,,,,,,,,,,,,,,,,,,,,,,,,,,,,,,,,
122911,Vince Gasparro,Vince Gasparro,Liberal,Liberal,Ontario,Eglinton—Lawrence,100.0,,,,,8,,,31,81,,1,6,26.00,,,,6.31,,,,,,,,,,,,,,,,,,,,,,,,,,,,,,,,,,
89156,Ziad Aboultaif,Ziad Aboultaif,Conservative,Conservative,Alberta,Edmonton Manning,100.0,,,,,123,,,59,91,1,1,12,0.00,,,,6.29,,,,,,,,,,,,,,,,,,,,,,,,,,,,,,,,,,
88944,Terry Sheehan,Terry Sheehan,Liberal,Liberal,Ontario,Sault Ste. Marie—Algoma,100.0,,,,,123,,,8,356,,3,16,17.40,,,,6.27,,,,,,,,,,,,,,,,,,,,,,,,,,,,,,,,,,
88535,Gérard Deltell,Gérard Deltell,Conservative,Conservative,Quebec,Louis-Saint-Laurent—Akiawenhrahk,100.0,,,,,123,,,127,76,1,1,5,0.00,,,,6.25,,,,,,,,,,,,,,,,,,,,,,,,,,,,,,,,,,
104531,Mike Kelloway,Mike Kelloway,Liberal,Liberal,Nova Scotia,Sydney—Glace Bay,100.0,,,,,75,,,20,118,,2,1,21.33,,,,6.23,,,,,,,,,,,,,,,,,,,,,,,,,,,,,,,,,,
123081,Pauline Rochefort,Pauline Rochefort,Liberal,Liberal,Ontario,Nipissing—Timiskaming,100.0,,,,,8,,,27,87,,1,5,26.00,,,,6.23,,,,,,,,,,,,,,,,,,,,,,,,,,,,,,,,,,
89407,Joël Godin,Joël Godin,Conservative,Conservative,Quebec,Portneuf—Jacques-Cartier,96.6,,,,,123,,,30,131,,2,8,10.67,,,,6.18,,,,,,,,,,,,,,,,,,,,,,,,,,,,,,,,,,
28286,Mark Carney,Mark Carney,Liberal,Liberal,Ontario,Nepean,91.5,,,,,8,,,211,,1,,,93.00,,,,6.15,,,,,,,,,,,,,,,,,,,,,,,,,,,,,,,,,,
59293,Ron McKinnon,Ron McKinnon,Liberal,Liberal,British Columbia,Coquitlam—Port Coquitlam,100.0,,,,,123,,,30,37,2,2,15,8.47,,,,6.13,,,,,,,,,,,,,,,,,,,,,,,,,,,,,,,,,,
105559,Jeremy Patzer,Jeremy Patzer,Conservative,Conservative,Saskatchewan,Swift Current—Grasslands—Kindersley,100.0,,,,,75,,,81,80,1,1,,0.00,,,,6.07,,,,,,,,,,,,,,,,,,,,,,,,,,,,,,,,,,
88468,Steven MacKinnon,Steven MacKinnon,Liberal,Liberal,Quebec,Gatineau,100.0,,,,,123,,,387,41,,,5,53.26,,,,6.07,,,,,,,,,,,,,,,,,,,,,,,,,,,,,,,,,,
110572,Yasir Naqvi,Yasir Naqvi,Liberal,Liberal,Ontario,Ottawa Centre,100.0,,,,,52,,,39,37,,2,17,21.33,,,,6.06,,,,,,,,,,,,,,,,,,,,,,,,,,,,,,,,,,
102653,Scot Davidson,Scot Davidson,Conservative,Conservative,Ontario,New Tecumseth—Gwillimbury,100.0,,,,,82,,,72,,3,1,8,5.10,,,,6.05,,,,,,,,,,,,,,,,,,,,,,,,,,,,,,,,,,
116022,Shuvaloy Majumdar,Shuvaloy Majumdar,Conservative,Conservative,Alberta,Calgary Heritage,96.6,,,,,29,,,35,75,,1,7,13.00,,,,5.99,,,,,,,,,,,,,,,,,,,,,,,,,,,,,,,,,,
122756,Madeleine Chenette,Madeleine Chenette,Liberal,Liberal,Quebec,Thérèse-De Blainville,100.0,,,,,8,,,40,46,,1,7,26.00,,,,5.98,,,,,,,,,,,,,,,,,,,,,,,,,,,,,,,,,,
123625,Ernie Klassen,Ernie Klassen,Liberal,Liberal,British Columbia,South Surrey—White Rock,100.0,,,,,8,,,16,89,,1,6,26.00,,,,5.95,,,,,,,,,,,,,,,,,,,,,,,,,,,,,,,,,,
88515,Fayçal El-Khoury,Fayçal El-Khoury,Liberal,Liberal,Quebec,Laval—Les Îles,100.0,,,,,123,,,3,127,,1,12,19.50,,,,5.95,,,,,,,,,,,,,,,,,,,,,,,,,,,,,,,,,,
109867,Clifford Small,Clifford Small,Conservative,Conservative,Newfoundland and Labrador,Central Newfoundland,100.0,,,,,52,,,45,186,1,1,7,0.00,,,,5.90,,,,,,,,,,,,,,,,,,,,,,,,,,,,,,,,,,
122773,Jennifer McKelvie,Jennifer McKelvie,Liberal,Liberal,Ontario,Ajax,100.0,,,,,8,,,32,62,,1,4,26.00,,,,5.86,,,,,,,,,,,,,,,,,,,,,,,,,,,,,,,,,,
72035,Bob Zimmer,Bob Zimmer,Conservative,Conservative,British Columbia,Prince George—Peace River—Northern Rockies,100.0,,,,,176,,,56,74,1,1,13,0.00,,,,5.86,,,,,,,,,,,,,,,,,,,,,,,,,,,,,,,,,,
35897,Blaine Calkins,Blaine Calkins,Conservative,Conservative,Alberta,Ponoka—Didsbury,100.0,,,,,239,,,67,54,1,1,12,0.00,,,,5.84,,,,,,,,,,,,,,,,,,,,,,,,,,,,,,,,,,
96367,Stephanie Kusie,Stephanie Kusie,Conservative,Conservative,Alberta,Calgary Midnapore,96.6,,,,,105,,,60,58,1,2,14,0.00,,,,5.84,,,,,,,,,,,,,,,,,,,,,,,,,,,,,,,,,,
122533,Abdelhaq Sari,Abdelhaq Sari,Liberal,Liberal,Quebec,Bourassa,98.3,,,,,8,,,107,111,,1,9,0.00,,,,5.82,,,,,,,,,,,,,,,,,,,,,,,,,,,,,,,,,,
123675,Rebecca Alty,Rebecca Alty,Liberal,Liberal,Northwest Territories,Northwest Territories,100.0,,,,,8,,,33,52,1,,,70.00,,,,5.80,,,,,,,,,,,,,,,,,,,,,,,,,,,,,,,,,,
122913,Andrew Lawton,Andrew Lawton,Conservative,Conservative,Ontario,Elgin—St. Thomas—London South,100.0,,,,,8,,,182,189,,1,8,0.00,,,,5.76,,,,,,,,,,,,,,,,,,,,,,,,,,,,,,,,,,
122507,Jason Groleau,Jason Groleau,Conservative,Conservative,Quebec,Beauce,100.0,,,,,8,,,86,96,,1,17,0.00,,,,5.73,,,,,,,,,,,,,,,,,,,,,,,,,,,,,,,,,,
122375,Tom Osborne,Tom Osborne,Liberal,Liberal,Newfoundland and Labrador,Cape Spear,100.0,,,,,8,,,24,46,,2,10,21.33,,,,5.72,,,,,,,,,,,,,,,,,,,,,,,,,,,,,,,,,,
104571,Jaime Battiste,Jaime Battiste,Liberal,Liberal,Nova Scotia,Cape Breton—Canso—Antigonish,100.0,,,,,75,,,20,70,,2,3,21.33,,,,5.71,,,,,,,,,,,,,,,,,,,,,,,,,,,,,,,,,,
122462,David Myles,David Myles,Liberal,Liberal,New Brunswick,Fredericton—Oromocto,100.0,,,,,8,,,11,94,,1,2,26.00,,,,5.67,,,,,,,,,,,,,,,,,,,,,,,,,,,,,,,,,,
123282,Jacob Mantle,Jacob Mantle,Conservative,Conservative,Ontario,York—Durham,100.0,,,,,8,,,134,93,,1,10,0.00,,,,5.67,,,,,,,,,,,,,,,,,,,,,,,,,,,,,,,,,,
123305,Ginette Lavack,Ginette Lavack,Liberal,Liberal,Manitoba,St. Boniface—St. Vital,100.0,,,,,8,,,23,60,,1,7,26.00,,,,5.67,,,,,,,,,,,,,,,,,,,,,,,,,,,,,,,,,,
123552,Jeff Kibble,Jeff Kibble,Conservative,Conservative,British Columbia,Cowichan—Malahat—Langford,100.0,,,,,8,,,49,136,1,1,,0.00,,,,5.67,,,,,,,,,,,,,,,,,,,,,,,,,,,,,,,,,,
123104,Rhonda Kirkland,Rhonda Kirkland,Conservative,Conservative,Ontario,Oshawa,100.0,,,,,8,,,121,98,,1,7,0.00,,,,5.63,,,,,,,,,,,,,,,,,,,,,,,,,,,,,,,,,,
110009,Dominique Vien,Dominique Vien,Conservative,Conservative,Quebec,Bellechasse—Les Etchemins—Lévis,100.0,,,,,52,,,62,52,1,2,6,0.00,,,,5.60,,,,,,,,,,,,,,,,,,,,,,,,,,,,,,,,,,
123248,Michael Guglielmin,Michael Guglielmin,Conservative,Conservative,Ontario,Vaughan—Woodbridge,100.0,,,,,8,,,95,152,,1,4,0.00,,,,5.55,,,,,,,,,,,,,,,,,,,,,,,,,,,,,,,,,,
105186,Eric Melillo,Eric Melillo,Conservative,Conservative,Ontario,Kenora—Kiiwetinoong,100.0,,,,,75,,,68,37,1,1,9,0.00,,,,5.51,,,,,,,,,,,,,,,,,,,,,,,,,,,,,,,,,,
123019,Tim Hodgson,Tim Hodgson,Liberal,Liberal,Ontario,Markham—Thornhill,100.0,,,,,8,,,314,,,,12,70.00,,,,5.50,,,,,,,,,,,,,,,,,,,,,,,,,,,,,,,,,,
35397,Jacques Gourde,Jacques Gourde,Conservative,Conservative,Quebec,Lévis—Lotbinière,98.3,,,,,239,,,37,77,2,1,7,0.00,,,,5.48,,,,,,,,,,,,,,,,,,,,,,,,,,,,,,,,,,
123153,Vincent Ho,Vincent Ho,Conservative,Conservative,Ontario,Richmond Hill South,98.3,,,,,8,,,68,96,,1,8,0.00,,,,5.47,,,,,,,,,,,,,,,,,,,,,,,,,,,,,,,,,,
122933,Dominique O'Rourke,Dominique O'Rourke,Liberal,Liberal,Ontario,Guelph,100.0,,,,,8,,,62,104,,1,14,0.00,,,,5.46,,,,,,,,,,,,,,,,,,,,,,,,,,,,,,,,,,
104977,Élisabeth Brière,Élisabeth Brière,Liberal,Liberal,Quebec,Sherbrooke,100.0,,,,,75,,,20,39,,2,17,24.25,,,,5.45,,,,,,,,,,,,,,,,,,,,,,,,,,,,,,,,,,
88698,Ruby Sahota,Ruby Sahota,Liberal,Liberal,Ontario,Brampton North—Caledon,100.0,,,,,123,,,151,5,,,6,60.00,,,,5.41,,,,,,,,,,,,,,,,,,,,,,,,,,,,,,,,,,
105863,Helena Konanz,Helena Konanz,Conservative,Conservative,British Columbia,Similkameen—South Okanagan—West Kootenay,100.0,,,,,8,,,79,151,,1,1,0.00,,,,5.40,,,,,,,,,,,,,,,,,,,,,,,,,,,,,,,,,,
35909,Marc Dalton,Marc Dalton,Conservative,Conservative,British Columbia,Pitt Meadows—Maple Ridge,100.0,,,,,75,,,58,47,1,1,17,0.00,,,,5.40,,,,,,,,,,,,,,,,,,,,,,,,,,,,,,,,,,
105210,Lianne Rood,Lianne Rood,Conservative,Conservative,Ontario,Middlesex—London,98.3,,,,,75,,,37,65,2,1,15,0.00,,,,5.38,,,,,,,,,,,,,,,,,,,,,,,,,,,,,,,,,,
122994,Matt Strauss,Matt Strauss,Conservative,Conservative,Ontario,Kitchener South—Hespeler,94.9,,,,,8,,,70,170,,1,2,0.00,,,,5.33,,,,,,,,,,,,,,,,,,,,,,,,,,,,,,,,,,
122684,Marjorie Michel,Marjorie Michel,Liberal,Liberal,Quebec,Papineau,100.0,,,,,8,,,21,123,,,2,70.00,,,,5.32,,,,,,,,,,,,,,,,,,,,,,,,,,,,,,,,,,
110538,Rechie Valdez,Rechie Valdez,Liberal,Liberal,Ontario,Mississauga—Streetsville,100.0,,,,,52,,,16,48,1,,3,66.50,,,,5.30,,,,,,,,,,,,,,,,,,,,,,,,,,,,,,,,,,
89000,Bardish Chagger,Bardish Chagger,Liberal,Liberal,Ontario,Waterloo,100.0,,,,,123,,,70,2,3,1,17,0.00,,,,5.27,,,,,,,,,,,,,,,,,,,,,,,,,,,,,,,,,,
105082,Dave Epp,Dave Epp,Conservative,Conservative,Ontario,Chatham-Kent—Leamington,100.0,,,,,75,,,56,103,,1,15,0.00,,,,5.25,,,,,,,,,,,,,,,,,,,,,,,,,,,,,,,,,,
122988,Kelly DeRidder,Kelly DeRidder,Conservative,Conservative,Ontario,Kitchener Centre,100.0,,,,,8,,,48,57,1,1,14,0.00,,,,5.25,,,,,,,,,,,,,,,,,,,,,,,,,,,,,,,,,,
89084,Kevin Waugh,Kevin Waugh,Conservative,Conservative,Saskatchewan,Saskatoon South,100.0,,,,,123,,,21,85,4,1,10,0.00,,,,5.23,,,,,,,,,,,,,,,,,,,,,,,,,,,,,,,,,,
109872,Carol Anstey,Carol Anstey,Conservative,Conservative,Newfoundland and Labrador,Long Range Mountains,98.3,,,,,8,,,79,81,,1,5,0.00,,,,5.20,,,,,,,,,,,,,,,,,,,,,,,,,,,,,,,,,,
88849,Iqra Khalid,Iqra Khalid,Liberal,Liberal,Ontario,Mississauga—Erin Mills,98.3,,,,,123,,,18,64,,2,15,11.25,,,,5.20,,,,,,,,,,,,,,,,,,,,,,,,,,,,,,,,,,
110454,Shelby Kramp-Neuman,Shelby Kramp-Neuman,Conservative,Conservative,Ontario,Hastings—Lennox and Addington—Tyendinaga,98.3,,,,,52,,,68,78,,1,12,0.00,,,,5.19,,,,,,,,,,,,,,,,,,,,,,,,,,,,,,,,,,
58841,Kyle Seeback,Kyle Seeback,Conservative,Conservative,Ontario,Dufferin—Caledon,100.0,,,,,128,,,79,52,1,,11,0.00,,,,5.17,,,,,,,,,,,,,,,,,,,,,,,,,,,,,,,,,,
122678,Gabriel Hardy,Gabriel Hardy,Conservative,Conservative,Quebec,Montmorency—Charlevoix,100.0,,,,,8,,,97,90,,1,1,0.00,,,,5.16,,,,,,,,,,,,,,,,,,,,,,,,,,,,,,,,,,
89027,Doug Eyolfson,Doug Eyolfson,Liberal,Liberal,Manitoba,Winnipeg West,100.0,,,,,56,,,31,134,1,1,2,0.00,,,,5.16,,,,,,,,,,,,,,,,,,,,,,,,,,,,,,,,,,
111025,Tamara Kronis,Tamara Kronis,Conservative,Conservative,British Columbia,Nanaimo—Ladysmith,100.0,,,,,8,,,112,57,,2,17,0.00,,,,5.12,,,,,,,,,,,,,,,,,,,,,,,,,,,,,,,,,,
122925,John Zerucelli,John Zerucelli,Liberal,Liberal,Ontario,Etobicoke North,100.0,,,,,8,,,39,39,,,10,60.00,,,,5.10,,,,,,,,,,,,,,,,,,,,,,,,,,,,,,,,,,
17210,Rob Moore,Rob Moore,Conservative,Conservative,New Brunswick,Fundy Royal,100.0,,,,,210,,,18,,2,,9,40.00,,,,5.09,,,,,,,,,,,,,,,,,,,,,,,,,,,,,,,,,,
123372,David Bexte,David Bexte,Conservative,Conservative,Alberta,Bow River,100.0,,,,,8,,,61,184,,1,3,0.00,,,,5.08,,,,,,,,,,,,,,,,,,,,,,,,,,,,,,,,,,
98747,Jean Yip,Jean Yip,Liberal,Liberal,Ontario,Scarborough—Agincourt,100.0,,,,,97,,,6,71,,1,10,13.00,,,,5.06,,,,,,,,,,,,,,,,,,,,,,,,,,,,,,,,,,
2897,Elizabeth May,Elizabeth May,Green Party,Green Party,British Columbia,Saanich—Gulf Islands,96.6,,,,,176,,,268,28,25,,17,0.00,,,,5.05,,,,,,,,,,,,,,,,,,,,,,,,,,,,,,,,,,
88368,Wayne Long,Wayne Long,Liberal,Liberal,New Brunswick,Saint John—Kennebecasis,100.0,,,,,123,,,118,,,,1,60.00,,,,5.05,,,,,,,,,,,,,,,,,,,,,,,,,,,,,,,,,,
89150,Kerry Diotte,Kerry Diotte,Conservative,Conservative,Alberta,Edmonton Griesbach,100.0,,,,,79,,,30,78,1,1,16,0.00,,,,5.05,,,,,,,,,,,,,,,,,,,,,,,,,,,,,,,,,,
109877,Joanne Thompson,Joanne Thompson,Liberal,Liberal,Newfoundland and Labrador,St. John's East,100.0,,,,,52,,,34,44,,,12,70.00,,,,5.02,,,,,,,,,,,,,,,,,,,,,,,,,,,,,,,,,,
123060,Sandra Cobena,Sandra Cobena,Conservative,Conservative,Ontario,Newmarket—Aurora,100.0,,,,,8,,,85,69,,1,6,0.00,,,,5.01,,,,,,,,,,,,,,,,,,,,,,,,,,,,,,,,,,
123092,Sima Acan,Sima Acan,Liberal,Liberal,Ontario,Oakville West,100.0,,,,,8,,,49,119,,1,10,0.00,,,,5.01,,,,,,,,,,,,,,,,,,,,,,,,,,,,,,,,,,
123287,Grant Jackson,Grant Jackson,Conservative,Conservative,Manitoba,Brandon—Souris,100.0,,,,,8,,,86,69,,1,6,0.00,,,,5.01,,,,,,,,,,,,,,,,,,,,,,,,,,,,,,,,,,
88703,Sonia Sidhu,Sonia Sidhu,Liberal,Liberal,Ontario,Brampton South,100.0,,,,,123,,,21,73,3,1,11,0.00,,,,4.99,,,,,,,,,,,,,,,,,,,,,,,,,,,,,,,,,,
89249,Todd Doherty,Todd Doherty,Conservative,Conservative,British Columbia,Cariboo—Prince George,100.0,,,,,123,,,144,24,11,,18,0.00,,,,4.97,,,,,,,,,,,,,,,,,,,,,,,,,,,,,,,,,,
105088,Michael Ma,Michael Ma,Liberal,Liberal,Ontario,Markham—Unionville,100.0,,,,,8,,,69,62,,1,10,0.00,,,,4.91,,,,,,,,,,,,,,,,,,,,,,,,,,,,,,,,,,
122492,Mandy Gull-Masty,Mandy Gull-Masty,Liberal,Liberal,Quebec,Abitibi—Baie-James—Nunavik—Eeyou,100.0,,,,,8,,,15,85,,,4,70.00,,,,4.89,,,,,,,,,,,,,,,,,,,,,,,,,,,,,,,,,,
105437,Marcus Powlowski,Marcus Powlowski,Liberal,Liberal,Ontario,Thunder Bay—Rainy River,100.0,,,,,75,,,10,147,1,1,11,0.00,,,,4.84,,,,,,,,,,,,,,,,,,,,,,,,,,,,,,,,,,
122753,Tatiana Auguste,Tatiana Auguste,Liberal,Liberal,Quebec,Terrebonne,100.0,,,,,8,,,47,47,1,1,6,0.00,,,,4.84,,,,,,,,,,,,,,,,,,,,,,,,,,,,,,,,,,
96350,Emmanuella Lambropoulos,Emmanuella Lambropoulos,Liberal,Liberal,Quebec,Saint-Laurent,100.0,,,,,105,,,6,8,1,1,7,13.00,,,,4.84,,,,,,,,,,,,,,,,,,,,,,,,,,,,,,,,,,
123586,Aaron Gunn,Aaron Gunn,Conservative,Conservative,British Columbia,North Island—Powell River,100.0,,,,,8,,,58,199,,1,,0.00,,,,4.82,,,,,,,,,,,,,,,,,,,,,,,,,,,,,,,,,,
89259,Scott Anderson,Scott Anderson,Conservative,Conservative,British Columbia,Vernon—Lake Country—Monashee,98.3,,,,,8,,,51,92,,1,8,0.00,,,,4.81,,,,,,,,,,,,,,,,,,,,,,,,,,,,,,,,,,
122668,Bienvenu-Olivier Ntumba,Bienvenu-Olivier Ntumba,Liberal,Liberal,Quebec,Mont-Saint-Bruno—L'Acadie,100.0,,,,,8,,,54,83,,1,9,0.00,,,,4.79,,,,,,,,,,,,,,,,,,,,,,,,,,,,,,,,,,
122559,Marianne Dandurand,Marianne Dandurand,Liberal,Liberal,Quebec,Compton—Stanstead,100.0,,,,,8,,,36,124,,2,10,0.00,,,,4.73,,,,,,,,,,,,,,,,,,,,,,,,,,,,,,,,,,
122473,Guillaume Deschênes-Thériault,Guillaume Deschênes-Thériault,Liberal,Liberal,New Brunswick,Madawaska—Restigouche,100.0,,,,,8,,,150,51,,2,4,0.00,,,,4.71,,,,,,,,,,,,,,,,,,,,,,,,,,,,,,,,,,
123361,Steven Bonk,Steven Bonk,Conservative,Conservative,Saskatchewan,Souris—Moose Mountain,100.0,,,,,8,,,72,40,1,,6,0.00,,,,4.71,,,,,,,,,,,,,,,,,,,,,,,,,,,,,,,,,,
115736,Anna Gainey,Anna Gainey,Liberal,Liberal,Quebec,Notre-Dame-de-Grâce—Westmount,100.0,,,,,31,,,58,,,,4,60.00,,,,4.69,,,,,,,,,,,,,,,,,,,,,,,,,,,,,,,,,,
87121,Leah Gazan,Leah Gazan,NDP,NDP,Manitoba,Winnipeg Centre,100.0,,,,,75,,,84,27,2,,2,0.00,,,,4.64,,,,,,,,,,,,,,,,,,,,,,,,,,,,,,,,,,
122587,Marie-Gabrielle Ménard,Marie-Gabrielle Ménard,Liberal,Liberal,Quebec,Hochelaga—Rosemont-Est,100.0,,,,,8,,,10,32,,2,3,21.33,,,,4.63,,,,,,,,,,,,,,,,,,,,,,,,,,,,,,,,,,
122959,John-Paul Danko,John-Paul Danko,Liberal,Liberal,Ontario,Hamilton West—Ancaster—Dundas,100.0,,,,,8,,,80,40,,1,11,0.00,,,,4.63,,,,,,,,,,,,,,,,,,,,,,,,,,,,,,,,,,
123447,Billy Morin,Billy Morin,Conservative,Conservative,Alberta,Edmonton Northwest,98.3,,,,,8,,,63,80,,1,1,0.00,,,,4.61,,,,,,,,,,,,,,,,,,,,,,,,,,,,,,,,,,
71454,Pierre Paul-Hus,Pierre Paul-Hus,Conservative,Conservative,Quebec,Charlesbourg—Haute-Saint-Charles,100.0,,,,,123,,,76,5,2,,14,0.00,,,,4.60,,,,,,,,,,,,,,,,,,,,,,,,,,,,,,,,,,
89346,Jenny Kwan,Jenny Kwan,NDP,NDP,British Columbia,Vancouver East,94.9,,,,,123,,,102,21,4,,3,0.00,,,,4.57,,,,,,,,,,,,,,,,,,,,,,,,,,,,,,,,,,
89263,Gord Johns,Gord Johns,NDP,NDP,British Columbia,Courtenay—Alberni,94.9,,,,,123,,,158,3,7,,18,0.00,,,,4.56,,,,,,,,,,,,,,,,,,,,,,,,,,,,,,,,,,
110918,Laila Goodridge,Laila Goodridge,Conservative,Conservative,Alberta,Fort McMurray—Cold Lake,89.8,,,,,52,,,71,40,,1,17,0.00,,,,4.55,,,,,,,,,,,,,,,,,,,,,,,,,,,,,,,,,,
123073,Fred Davies,Fred Davies,Conservative,Conservative,Ontario,Niagara South,100.0,,,,,8,,,67,56,,1,6,0.00,,,,4.54,,,,,,,,,,,,,,,,,,,,,,,,,,,,,,,,,,
108395,Branden Leslie,Branden Leslie,Conservative,Conservative,Manitoba,Portage—Lisgar,100.0,,,,,31,,,49,192,,1,,0.00,,,,4.51,,,,,,,,,,,,,,,,,,,,,,,,,,,,,,,,,,
88350,Serge Cormier,Serge Cormier,Liberal,Liberal,New Brunswick,Acadie—Bathurst,100.0,,,,,123,,,4,186,1,2,4,0.00,,,,4.50,,,,,,,,,,,,,,,,,,,,,,,,,,,,,,,,,,
123272,Harb Gill,Harb Gill,Conservative,Conservative,Ontario,Windsor West,100.0,,,,,8,,,79,33,,1,15,0.00,,,,4.49,,,,,,,,,,,,,,,,,,,,,,,,,,,,,,,,,,
110365,Connie Cody,Connie Cody,Conservative,Conservative,Ontario,Cambridge,100.0,,,,,8,,,75,41,,1,6,0.00,,,,4.46,,,,,,,,,,,,,,,,,,,,,,,,,,,,,,,,,,
123608,Chak Au,Chak Au,Conservative,Conservative,British Columbia,Richmond Centre—Marpole,100.0,,,,,8,,,46,105,,1,1,0.00,,,,4.46,,,,,,,,,,,,,,,,,,,,,,,,,,,,,,,,,,
58757,Eric Lefebvre,Eric Lefebvre,Conservative,Conservative,Quebec,Richmond—Arthabaska,100.0,,,,,8,,,79,40,,1,6,0.00,,,,4.44,,,,,,,,,,,,,,,,,,,,,,,,,,,,,,,,,,
89279,Stephen Fuhr,Stephen Fuhr,Liberal,Liberal,British Columbia,Kelowna,100.0,,,,,56,,,2,86,,,3,60.00,,,,4.41,,,,,,,,,,,,,,,,,,,,,,,,,,,,,,,,,,
105623,Greg McLean,Greg McLean,Conservative,Conservative,Alberta,Calgary Centre,100.0,,,,,75,,,61,16,3,,11,0.00,,,,4.39,,,,,,,,,,,,,,,,,,,,,,,,,,,,,,,,,,
111116,Lori Idlout,Lori Idlout,NDP,NDP,Nunavut,Nunavut,93.2,,,,,52,,,87,18,1,,7,0.00,,,,4.38,,,,,,,,,,,,,,,,,,,,,,,,,,,,,,,,,,
122518,Steeve Lavoie,Steeve Lavoie,Liberal,Liberal,Quebec,Beauport—Limoilou,100.0,,,,,8,,,56,61,,1,8,0.00,,,,4.37,,,,,,,,,,,,,,,,,,,,,,,,,,,,,,,,,,
110441,Ned Kuruc,Ned Kuruc,Conservative,Conservative,Ontario,Hamilton East—Stoney Creek,100.0,,,,,8,,,65,53,,1,5,0.00,,,,4.36,,,,,,,,,,,,,,,,,,,,,,,,,,,,,,,,,,
31098,Sukh Dhaliwal,Sukh Dhaliwal,Liberal,Liberal,British Columbia,Surrey Newton,100.0,,,,,186,,,50,8,1,1,17,0.00,,,,4.36,,,,,,,,,,,,,,,,,,,,,,,,,,,,,,,,,,
88369,Richard Bragdon,Richard Bragdon,Conservative,Conservative,New Brunswick,Tobique—Mactaquac,93.2,,,,,75,,,32,19,2,1,13,0.00,,,,4.31,,,,,,,,,,,,,,,,,,,,,,,,,,,,,,,,,,
35886,Chris Warkentin,Chris Warkentin,Conservative,Conservative,Alberta,Grande Prairie,100.0,,,,,239,,,40,,,,8,46.00,,,,4.28,,,,,,,,,,,,,,,,,,,,,,,,,,,,,,,,,,
110663,Viviane Lapointe,Viviane Lapointe,Liberal,Liberal,Ontario,Sudbury,100.0,,,,,52,,,26,45,1,1,17,0.00,,,,4.27,,,,,,,,,,,,,,,,,,,,,,,,,,,,,,,,,,
123517,Sukhman Gill,Sukhman Gill,Conservative,Conservative,British Columbia,Abbotsford—South Langley,100.0,,,,,8,,,71,42,,1,3,0.00,,,,4.25,,,,,,,,,,,,,,,,,,,,,,,,,,,,,,,,,,
84882,Corey Tochor,Corey Tochor,Conservative,Conservative,Saskatchewan,Saskatoon—University,100.0,,,,,75,,,15,86,1,1,1,0.00,,,,4.25,,,,,,,,,,,,,,,,,,,,,,,,,,,,,,,,,,
88958,Leslyn Lewis,Leslyn Lewis,Conservative,Conservative,Ontario,Haldimand—Norfolk,100.0,,,,,52,,,49,62,,1,12,0.00,,,,4.23,,,,,,,,,,,,,,,,,,,,,,,,,,,,,,,,,,
109891,Heath MacDonald,Heath MacDonald,Liberal,Liberal,Prince Edward Island,Malpeque,100.0,,,,,52,,,12,64,,,1,70.00,,,,4.22,,,,,,,,,,,,,,,,,,,,,,,,,,,,,,,,,,
122437,Braedon Clark,Braedon Clark,Liberal,Liberal,Nova Scotia,Sackville—Bedford—Preston,100.0,,,,,8,,,20,54,1,2,6,0.00,,,,4.21,,,,,,,,,,,,,,,,,,,,,,,,,,,,,,,,,,
88810,Tim Louis,Tim Louis,Liberal,Liberal,Ontario,Kitchener—Conestoga,100.0,,,,,75,,,21,51,1,1,14,0.00,,,,4.21,,,,,,,,,,,,,,,,,,,,,,,,,,,,,,,,,,
88453,Anju Dhillon,Anju Dhillon,Liberal,Liberal,Quebec,Dorval—Lachine—LaSalle,100.0,,,,,123,,,18,59,1,2,5,0.00,,,,4.19,,,,,,,,,,,,,,,,,,,,,,,,,,,,,,,,,,
1827,Scott Reid,Scott Reid,Conservative,Conservative,Ontario,Lanark—Frontenac,98.3,,,,,301,,,28,,1,,8,10.00,,,,4.16,,,,,,,,,,,,,,,,,,,,,,,,,,,,,,,,,,
110665,Melissa Lantsman,Melissa Lantsman,Conservative,Conservative,Ontario,Thornhill,98.3,,,,,52,,,116,,1,,10,0.00,,,,4.15,,,,,,,,,,,,,,,,,,,,,,,,,,,,,,,,,,
88687,Nathaniel Erskine-Smith,Nathaniel Erskine-Smith,Liberal,Liberal,Ontario,Beaches—East York,89.8,,,,,123,,,10,48,10,1,11,0.00,,,,4.13,,,,,,,,,,,,,,,,,,,,,,,,,,,,,,,,,,
105191,Anna Roberts,Anna Roberts,Conservative,Conservative,Ontario,King—Vaughan,100.0,,,,,52,,,61,36,,1,9,0.00,,,,4.10,,,,,,,,,,,,,,,,,,,,,,,,,,,,,,,,,,
122589,Eric St-Pierre,Eric St-Pierre,Liberal,Liberal,Quebec,Honoré-Mercier,98.3,,,,,8,,,22,159,,1,10,0.00,,,,4.09,,,,,,,,,,,,,,,,,,,,,,,,,,,,,,,,,,
100521,Richard Martel,Richard Martel,Conservative,Conservative,Quebec,Chicoutimi—Le Fjord,100.0,,,,,91,,,39,73,,1,9,0.00,,,,4.08,,,,,,,,,,,,,,,,,,,,,,,,,,,,,,,,,,
123500,Burton Bailey,Burton Bailey,Conservative,Conservative,Alberta,Red Deer,100.0,,,,,8,,,21,130,,1,15,0.00,,,,4.06,,,,,,,,,,,,,,,,,,,,,,,,,,,,,,,,,,
110534,Iqwinder Gaheer,Iqwinder Gaheer,Liberal,Liberal,Ontario,Mississauga—Malton,100.0,,,,,52,,,6,43,,1,12,10.20,,,,4.05,,,,,,,,,,,,,,,,,,,,,,,,,,,,,,,,,,
1422,Gurbux Saini,Gurbux Saini,Liberal,Liberal,British Columbia,Fleetwood—Port Kells,96.6,,,,,8,,,17,67,1,1,3,0.00,,,,4.05,,,,,,,,,,,,,,,,,,,,,,,,,,,,,,,,,,
105229,Helena Jaczek,Helena Jaczek,Liberal,Liberal,Ontario,Markham—Stouffville,100.0,,,,,75,,,7,65,1,1,13,0.00,,,,4.01,,,,,,,,,,,,,,,,,,,,,,,,,,,,,,,,,,
123141,Juanita Nathan,Juanita Nathan,Liberal,Liberal,Ontario,Pickering—Brooklin,100.0,,,,,8,,,60,22,,2,13,0.00,,,,3.98,,,,,,,,,,,,,,,,,,,,,,,,,,,,,,,,,,
88394,Stéphane Lauzon,Stéphane Lauzon,Liberal,Liberal,Quebec,Argenteuil—La Petite-Nation,100.0,,,,,123,,,19,101,,1,10,0.00,,,,3.97,,,,,,,,,,,,,,,,,,,,,,,,,,,,,,,,,,
111067,Parm Bains,Parm Bains,Liberal,Liberal,British Columbia,Richmond East—Steveston,100.0,,,,,52,,,34,78,,1,8,0.00,,,,3.95,,,,,,,,,,,,,,,,,,,,,,,,,,,,,,,,,,
105242,Adam van Koeverden,Adam van Koeverden,Liberal,Liberal,Ontario,Burlington North—Milton West,100.0,,,,,75,,,39,,,,2,60.00,,,,3.94,,,,,,,,,,,,,,,,,,,,,,,,,,,,,,,,,,
122428,Shannon Miedema,Shannon Miedema,Liberal,Liberal,Nova Scotia,Halifax,100.0,,,,,8,,,26,111,,1,4,0.00,,,,3.94,,,,,,,,,,,,,,,,,,,,,,,,,,,,,,,,,,
59325,Don Davies,Don Davies,NDP,NDP,British Columbia,Vancouver Kingsway,93.2,,,,,207,,,54,2,3,,11,0.00,,,,3.88,,,,,,,,,,,,,,,,,,,,,,,,,,,,,,,,,,
89464,Rebecca Chartrand,Rebecca Chartrand,Liberal,Liberal,Manitoba,Churchill—Keewatinook Aski,100.0,,,,,8,,,29,15,,,1,70.00,,,,3.84,,,,,,,,,,,,,,,,,,,,,,,,,,,,,,,,,,
122389,Jonathan Rowe,Jonathan Rowe,Conservative,Conservative,Newfoundland and Labrador,Terra Nova—The Peninsulas,100.0,,,,,8,,,64,17,1,,3,0.00,,,,3.83,,,,,,,,,,,,,,,,,,,,,,,,,,,,,,,,,,
123563,Stephanie McLean,Stephanie McLean,Liberal,Liberal,British Columbia,Esquimalt—Saanich—Sooke,100.0,,,,,8,,,39,,,,,60.00,,,,3.83,,,,,,,,,,,,,,,,,,,,,,,,,,,,,,,,,,
54157,Sameer Zuberi,Sameer Zuberi,Liberal,Liberal,Quebec,Pierrefonds—Dollard,100.0,,,,,75,,,9,131,,2,16,0.00,,,,3.81,,,,,,,,,,,,,,,,,,,,,,,,,,,,,,,,,,
58775,Alexandre Boulerice,Alexandre Boulerice,NDP,NDP,Quebec,Rosemont—La Petite-Patrie,98.3,,,,,176,,,65,6,1,,6,0.00,,,,3.80,,,,,,,,,,,,,,,,,,,,,,,,,,,,,,,,,,
88961,Bill Blair,Bill Blair,Liberal,Liberal,Ontario,Scarborough Southwest,100.0,,,,,123,,,1,47,4,1,11,0.00,,,,3.80,,,,,,,,,,,,,,,,,,,,,,,,,,,,,,,,,,
105811,Tako Van Popta,Tako Van Popta,Conservative,Conservative,British Columbia,Langley Township—Fraser Heights,100.0,,,,,75,,,48,43,,1,8,0.00,,,,3.74,,,,,,,,,,,,,,,,,,,,,,,,,,,,,,,,,,
105052,Arpan Khanna,Arpan Khanna,Conservative,Conservative,Ontario,Oxford,100.0,,,,,31,,,90,,1,,1,0.00,,,,3.71,,,,,,,,,,,,,,,,,,,,,,,,,,,,,,,,,,
123033,Fares Al Soud,Fares Al Soud,Liberal,Liberal,Ontario,Mississauga Centre,100.0,,,,,8,,,14,97,,2,6,0.00,,,,3.70,,,,,,,,,,,,,,,,,,,,,,,,,,,,,,,,,,
105689,Heather McPherson,Heather McPherson,NDP,NDP,Alberta,Edmonton Strathcona,100.0,,,,,75,,,48,,2,,11,0.00,,,,3.64,,,,,,,,,,,,,,,,,,,,,,,,,,,,,,,,,,
105070,Alex Ruff,Alex Ruff,Conservative,Conservative,Ontario,Bruce—Grey—Owen Sound,100.0,,,,,75,,,52,5,2,,5,0.00,,,,3.63,,,,,,,,,,,,,,,,,,,,,,,,,,,,,,,,,,
122946,Aslam Rana,Aslam Rana,Liberal,Liberal,Ontario,Hamilton Centre,100.0,,,,,8,,,31,62,,1,15,0.00,,,,3.62,,,,,,,,,,,,,,,,,,,,,,,,,,,,,,,,,,
123556,Jill McKnight,Jill McKnight,Liberal,Liberal,British Columbia,Delta,100.0,,,,,8,,,15,28,,,1,66.50,,,,3.61,,,,,,,,,,,,,,,,,,,,,,,,,,,,,,,,,,
89339,Randeep Sarai,Randeep Sarai,Liberal,Liberal,British Columbia,Surrey Centre,100.0,,,,,123,,,18,,,,13,60.00,,,,3.61,,,,,,,,,,,,,,,,,,,,,,,,,,,,,,,,,,
122476,Mike Dawson,Mike Dawson,Conservative,Conservative,New Brunswick,Miramichi—Grand Lake,100.0,,,,,8,,,37,51,,1,9,0.00,,,,3.58,,,,,,,,,,,,,,,,,,,,,,,,,,,,,,,,,,
88748,James Maloney,James Maloney,Liberal,Liberal,Ontario,Etobicoke—Lakeshore,100.0,,,,,123,,,11,40,,1,13,6.50,,,,3.56,,,,,,,,,,,,,,,,,,,,,,,,,,,,,,,,,,
122850,Bruce Fanjoy,Bruce Fanjoy,Liberal,Liberal,Ontario,Carleton,100.0,,,,,8,,,25,81,,1,5,0.00,,,,3.55,,,,,,,,,,,,,,,,,,,,,,,,,,,,,,,,,,
123665,Will Greaves,Will Greaves,Liberal,Liberal,British Columbia,Victoria,100.0,,,,,8,,,34,68,,1,4,0.00,,,,3.55,,,,,,,,,,,,,,,,,,,,,,,,,,,,,,,,,,
89289,Brad Vis,Brad Vis,Conservative,Conservative,British Columbia,Mission—Matsqui—Abbotsford,100.0,,,,,75,,,130,27,,,14,0.00,,,,3.53,,,,,,,,,,,,,,,,,,,,,,,,,,,,,,,,,,
71738,Anita Vandenbeld,Anita Vandenbeld,Liberal,Liberal,Ontario,Ottawa West—Nepean,100.0,,,,,123,,,4,95,,2,11,0.00,,,,3.50,,,,,,,,,,,,,,,,,,,,,,,,,,,,,,,,,,
122443,Jessica Fancy,Jessica Fancy,Liberal,Liberal,Nova Scotia,South Shore—St. Margarets,98.3,,,,,8,,,33,52,,1,10,0.00,,,,3.49,,,,,,,,,,,,,,,,,,,,,,,,,,,,,,,,,,
122552,Nathalie Provost,Nathalie Provost,Liberal,Liberal,Quebec,Châteauguay—Les Jardins-de-Napierville,96.6,,,,,8,,,29,,,,,60.00,,,,3.49,,,,,,,,,,,,,,,,,,,,,,,,,,,,,,,,,,
110791,Buckley Belanger,Buckley Belanger,Liberal,Liberal,Saskatchewan,Desnethé—Missinippi—Churchill River,98.3,,,,,8,,,28,,,,,60.00,,,,3.45,,,,,,,,,,,,,,,,,,,,,,,,,,,,,,,,,,
122369,Paul Connors,Paul Connors,Liberal,Liberal,Newfoundland and Labrador,Avalon,100.0,,,,,8,,,5,133,,2,5,0.00,,,,3.43,,,,,,,,,,,,,,,,,,,,,,,,,,,,,,,,,,
123192,Chi Nguyen,Chi Nguyen,Liberal,Liberal,Ontario,Spadina—Harbourfront,100.0,,,,,8,,,34,62,,1,4,0.00,,,,3.43,,,,,,,,,,,,,,,,,,,,,,,,,,,,,,,,,,
59294,Zoe Royer,Zoe Royer,Liberal,Liberal,British Columbia,Port Moody—Coquitlam,100.0,,,,,8,,,25,61,,1,17,0.00,,,,3.39,,,,,,,,,,,,,,,,,,,,,,,,,,,,,,,,,,
123415,David McKenzie,David McKenzie,Conservative,Conservative,Alberta,Calgary Signal Hill,96.6,,,,,8,,,33,89,,,16,0.00,,,,3.37,,,,,,,,,,,,,,,,,,,,,,,,,,,,,,,,,,
123513,William Stevenson,William Stevenson,Conservative,Conservative,Alberta,Yellowhead,96.6,,,,,8,,,37,62,,1,1,0.00,,,,3.37,,,,,,,,,,,,,,,,,,,,,,,,,,,,,,,,,,
413,Louis Plamondon,Louis Plamondon,Bloc Québécois,Bloc Québécois,Quebec,Bécancour—Nicolet—Saurel—Alnôbak,98.3,,,,,343,,,15,,5,1,18,0.00,,,,3.35,,,,,,,,,,,,,,,,,,,,,,,,,,,,,,,,,,
89167,Matt Jeneroux,Matt Jeneroux,Conservative,Conservative,Alberta,Edmonton Riverbend,79.7,,,,,123,,,6,14,2,1,17,0.00,,,,3.32,,,,,,,,,,,,,,,,,,,,,,,,,,,,,,,,,,
105120,Chris Lewis,Chris Lewis,Conservative,Conservative,Ontario,Essex,100.0,,,,,75,,,28,38,1,,8,0.00,,,,3.28,,,,,,,,,,,,,,,,,,,,,,,,,,,,,,,,,,
123520,Wade Chang,Wade Chang,Liberal,Liberal,British Columbia,Burnaby Central,100.0,,,,,8,,,21,62,,1,10,0.00,,,,3.28,,,,,,,,,,,,,,,,,,,,,,,,,,,,,,,,,,
123229,Evan Solomon,Evan Solomon,Liberal,Liberal,Ontario,Toronto Centre,100.0,,,,,8,,,22,,,,,70.00,,,,3.25,,,,,,,,,,,,,,,,,,,,,,,,,,,,,,,,,,
122419,Alana Hirtle,Alana Hirtle,Liberal,Liberal,Nova Scotia,Cumberland—Colchester,100.0,,,,,8,,,18,67,,2,6,0.00,,,,3.24,,,,,,,,,,,,,,,,,,,,,,,,,,,,,,,,,,
89010,Ali Ehsassi,Ali Ehsassi,Liberal,Liberal,Ontario,Willowdale,96.6,,,,,123,,,9,81,,1,11,0.00,,,,3.24,,,,,,,,,,,,,,,,,,,,,,,,,,,,,,,,,,
89171,Eleanor Olszewski,Eleanor Olszewski,Liberal,Liberal,Alberta,Edmonton Centre,100.0,,,,,8,,,18,,,,2,70.00,,,,3.22,,,,,,,,,,,,,,,,,,,,,,,,,,,,,,,,,,
25446,Dean Allison,Dean Allison,Conservative,Conservative,Ontario,Niagara West,100.0,,,,,258,,,31,6,2,,13,0.00,,,,3.17,,,,,,,,,,,,,,,,,,,,,,,,,,,,,,,,,,
110800,Fraser Tolmie,Fraser Tolmie,Conservative,Conservative,Saskatchewan,Moose Jaw—Lake Centre—Lanigan,98.3,,,,,52,,,34,56,,1,1,0.00,,,,3.15,,,,,,,,,,,,,,,,,,,,,,,,,,,,,,,,,,
123006,Kurt Holman,Kurt Holman,Conservative,Conservative,Ontario,London—Fanshawe,100.0,,,,,8,,,42,18,,1,16,0.00,,,,3.13,,,,,,,,,,,,,,,,,,,,,,,,,,,,,,,,,,
123455,Jagsharan Singh Mahal,Jagsharan Singh Mahal,Conservative,Conservative,Alberta,Edmonton Southeast,100.0,,,,,8,,,33,40,,1,7,0.00,,,,3.12,,,,,,,,,,,,,,,,,,,,,,,,,,,,,,,,,,
88567,Rachel Bendayan,Rachel Bendayan,Liberal,Liberal,Quebec,Outremont,100.0,,,,,82,,,10,,,,5,40.00,,,,3.10,,,,,,,,,,,,,,,,,,,,,,,,,,,,,,,,,,
71692,Peter Fonseca,Peter Fonseca,Liberal,Liberal,Ontario,Mississauga East—Cooksville,100.0,,,,,123,,,24,57,,1,5,0.00,,,,3.04,,,,,,,,,,,,,,,,,,,,,,,,,,,,,,,,,,
122637,Tim Watchorn,Tim Watchorn,Liberal,Liberal,Quebec,Les Pays-d'en-Haut,100.0,,,,,8,,,32,47,,1,3,0.00,,,,3.01,,,,,,,,,,,,,,,,,,,,,,,,,,,,,,,,,,
88478,Greg Fergus,Greg Fergus,Liberal,Liberal,Quebec,Hull—Aylmer,100.0,,,,,123,,,38,19,,1,17,0.00,,,,3.01,,,,,,,,,,,,,,,,,,,,,,,,,,,,,,,,,,
59148,Randy Hoback,Randy Hoback,Conservative,Conservative,Saskatchewan,Prince Albert,96.6,,,,,207,,,21,14,4,,18,0.00,,,,2.99,,,,,,,,,,,,,,,,,,,,,,,,,,,,,,,,,,
89300,Jonathan Wilkinson,Jonathan Wilkinson,Liberal,Liberal,British Columbia,North Vancouver—Capilano,100.0,,,,,123,,,,17,4,1,5,0.00,,,,2.94,,,,,,,,,,,,,,,,,,,,,,,,,,,,,,,,,,
122825,Amarjeet Gill,Amarjeet Gill,Conservative,Conservative,Ontario,Brampton West,100.0,,,,,8,,,37,16,,1,15,0.00,,,,2.92,,,,,,,,,,,,,,,,,,,,,,,,,,,,,,,,,,
122646,Natilien Joseph,Natilien Joseph,Liberal,Liberal,Quebec,Longueuil—Saint-Hubert,100.0,,,,,8,,,24,38,,1,17,0.00,,,,2.91,,,,,,,,,,,,,,,,,,,,,,,,,,,,,,,,,,
123133,Emma Harrison,Emma Harrison,Liberal,Liberal,Ontario,Peterborough,100.0,,,,,8,,,15,66,,1,5,0.00,,,,2.91,,,,,,,,,,,,,,,,,,,,,,,,,,,,,,,,,,
122394,Kent MacDonald,Kent MacDonald,Liberal,Liberal,Prince Edward Island,Cardigan,100.0,,,,,8,,,27,32,,1,15,0.00,,,,2.89,,,,,,,,,,,,,,,,,,,,,,,,,,,,,,,,,,
123144,Giovanna Mingarelli,Giovanna Mingarelli,Liberal,Liberal,Ontario,Prescott—Russell—Cumberland,100.0,,,,,8,,,19,41,,2,8,0.00,,,,2.87,,,,,,,,,,,,,,,,,,,,,,,,,,,,,,,,,,
30645,Tim Uppal,Tim Uppal,Conservative,Conservative,Alberta,Edmonton Gateway,100.0,,,,,159,,,31,,6,,6,0.00,,,,2.87,,,,,,,,,,,,,,,,,,,,,,,,,,,,,,,,,,
110415,Dan Muys,Dan Muys,Conservative,Conservative,Ontario,Flamborough—Glanbrook—Brant North,100.0,,,,,52,,,27,28,,1,14,0.00,,,,2.81,,,,,,,,,,,,,,,,,,,,,,,,,,,,,,,,,,
49344,Chris d'Entremont,Chris d'Entremont,Liberal,Liberal,Nova Scotia,Acadie—Annapolis,100.0,,,,,75,,,13,59,,1,7,0.00,,,,2.81,,,,,,,,,,,,,,,,,,,,,,,,,,,,,,,,,,
105581,Warren Steinley,Warren Steinley,Conservative,Conservative,Saskatchewan,Regina—Lewvan,100.0,,,,,75,,,73,6,,,3,0.00,,,,2.76,,,,,,,,,,,,,,,,,,,,,,,,,,,,,,,,,,
105031,Doug Shipley,Doug Shipley,Conservative,Conservative,Ontario,Barrie—Springwater—Oro-Medonte,100.0,,,,,75,,,29,5,1,,15,0.00,,,,2.74,,,,,,,,,,,,,,,,,,,,,,,,,,,,,,,,,,
89236,Terry Beech,Terry Beech,Liberal,Liberal,British Columbia,Burnaby North—Seymour,100.0,,,,,123,,,6,,1,1,11,0.00,,,,2.70,,,,,,,,,,,,,,,,,,,,,,,,,,,,,,,,,,
110706,Kathy Borrelli,Kathy Borrelli,Conservative,Conservative,Ontario,Windsor—Tecumseh—Lakeshore,100.0,,,,,8,,,15,61,,1,1,0.00,,,,2.60,,,,,,,,,,,,,,,,,,,,,,,,,,,,,,,,,,
119991,Colin Reynolds,Colin Reynolds,Conservative,Conservative,Manitoba,Elmwood—Transcona,100.0,,,,,8,,,20,51,,1,1,0.00,,,,2.58,,,,,,,,,,,,,,,,,,,,,,,,,,,,,,,,,,
35600,Ben Lobb,Ben Lobb,Conservative,Conservative,Ontario,Huron—Bruce,98.3,,,,,207,,,17,,2,,14,0.00,,,,2.58,,,,,,,,,,,,,,,,,,,,,,,,,,,,,,,,,,
122788,Chris Malette,Chris Malette,Liberal,Liberal,Ontario,Bay of Quinte,100.0,,,,,8,,,21,41,,2,1,0.00,,,,2.57,,,,,,,,,,,,,,,,,,,,,,,,,,,,,,,,,,
105422,Eric Duncan,Eric Duncan,Conservative,Conservative,Ontario,Stormont—Dundas—Glengarry,100.0,,,,,75,,,25,,2,,4,0.00,,,,2.56,,,,,,,,,,,,,,,,,,,,,,,,,,,,,,,,,,
122801,Amandeep Sodhi,Amandeep Sodhi,Liberal,Liberal,Ontario,Brampton Centre,100.0,,,,,8,,,9,55,,1,6,0.00,,,,2.55,,,,,,,,,,,,,,,,,,,,,,,,,,,,,,,,,,
123027,Kristina Tesser Derksen,Kristina Tesser Derksen,Liberal,Liberal,Ontario,Milton East—Halton Hills South,100.0,,,,,8,,,21,40,,1,4,0.00,,,,2.55,,,,,,,,,,,,,,,,,,,,,,,,,,,,,,,,,,
71986,Mark Strahl,Mark Strahl,Conservative,Conservative,British Columbia,Chilliwack—Hope,98.3,,,,,176,,,26,,2,,2,0.00,,,,2.49,,,,,,,,,,,,,,,,,,,,,,,,,,,,,,,,,,
89080,Michael Kram,Michael Kram,Conservative,Conservative,Saskatchewan,Regina—Wascana,100.0,,,,,75,,,31,3,,1,14,0.00,,,,2.46,,,,,,,,,,,,,,,,,,,,,,,,,,,,,,,,,,
123401,Dalwinder Gill,Dalwinder Gill,Conservative,Conservative,Alberta,Calgary McKnight,100.0,,,,,8,,,21,12,,2,15,0.00,,,,2.45,,,,,,,,,,,,,,,,,,,,,,,,,,,,,,,,,,
123208,Jim Bélanger,Jim Bélanger,Conservative,Conservative,Ontario,Sudbury East—Manitoulin—Nickel Belt,96.6,,,,,8,,,22,33,,1,3,0.00,,,,2.40,,,,,,,,,,,,,,,,,,,,,,,,,,,,,,,,,,
88364,Ginette Petitpas Taylor,Ginette Petitpas Taylor,Liberal,Liberal,New Brunswick,Moncton—Dieppe,100.0,,,,,123,,,19,,1,,17,0.00,,,,2.30,,,,,,,,,,,,,,,,,,,,,,,,,,,,,,,,,,
123418,Amanpreet Gill,Amanpreet Gill,Conservative,Conservative,Alberta,Calgary Skyview,100.0,,,,,8,,,25,9,,1,6,0.00,,,,2.19,,,,,,,,,,,,,,,,,,,,,,,,,,,,,,,,,,
105340,Scott Aitchison,Scott Aitchison,Conservative,Conservative,Ontario,Parry Sound—Muskoka,100.0,,,,,75,,,48,,,,14,0.00,,,,2.14,,,,,,,,,,,,,,,,,,,,,,,,,,,,,,,,,,
122975,Gaétan Malette,Gaétan Malette,Conservative,Conservative,Ontario,Kapuskasing—Timmins—Mushkegowuk,100.0,,,,,8,,,25,19,,1,1,0.00,,,,2.12,,,,,,,,,,,,,,,,,,,,,,,,,,,,,,,,,,
122539,Louis Villeneuve,Louis Villeneuve,Liberal,Liberal,Quebec,Brome—Missisquoi,100.0,,,,,8,,,13,31,,1,3,0.00,,,,2.05,,,,,,,,,,,,,,,,,,,,,,,,,,,,,,,,,,
118689,Jamil Jivani,Jamil Jivani,Conservative,Conservative,Ontario,Bowmanville—Oshawa North,100.0,,,,,22,,,35,,,1,,0.00,,,,2.04,,,,,,,,,,,,,,,,,,,,,,,,,,,,,,,,,,
88323,Darren Fisher,Darren Fisher,Liberal,Liberal,Nova Scotia,Dartmouth—Cole Harbour,100.0,,,,,123,,,11,,1,,12,0.00,,,,2.03,,,,,,,,,,,,,,,,,,,,,,,,,,,,,,,,,,
123583,Jake Sawatzky,Jake Sawatzky,Liberal,Liberal,British Columbia,New Westminster—Burnaby—Maillardville,100.0,,,,,8,,,10,38,,1,,0.00,,,,1.93,,,,,,,,,,,,,,,,,,,,,,,,,,,,,,,,,,
35857,Mike Lake,Mike Lake,Conservative,Conservative,Alberta,Leduc—Wetaskiwin,100.0,,,,,239,,,41,,,,13,0.00,,,,1.90,,,,,,,,,,,,,,,,,,,,,,,,,,,,,,,,,,
122380,Philip Earle,Philip Earle,Liberal,Liberal,Newfoundland and Labrador,Labrador,100.0,,,,,8,,,12,19,,1,3,0.00,,,,1.78,,,,,,,,,,,,,,,,,,,,,,,,,,,,,,,,,,
88953,Shaun Chen,Shaun Chen,Liberal,Liberal,Ontario,Scarborough North,100.0,,,,,123,,,1,7,,3,18,0.00,,,,1.67,,,,,,,,,,,,,,,,,,,,,,,,,,,,,,,,,,
94305,Glen Motz,Glen Motz,Conservative,Conservative,Alberta,Medicine Hat—Cardston—Warner,100.0,,,,,110,,,25,,,,8,0.00,,,,1.27,,,,,,,,,,,,,,,,,,,,,,,,,,,,,,,,,,
105807,Rob Morrison,Rob Morrison,Conservative,Conservative,British Columbia,Columbia—Kootenay—Southern Rockies,100.0,,,,,75,,,13,,,,16,0.00,,,,0.94,,,,,,,,,,,,,,,,,,,,,,,,,,,,,,,,,,
105410,Terry Dowdall,Terry Dowdall,Conservative,Conservative,Ontario,Simcoe—Grey,100.0,,,,,75,,,13,,,,2,0.00,,,,0.55,,,,,,,,,,,,,,,,,,,,,,,,,,,,,,,,,,